Run	ReleaseDate	LoadDate	spots	bases	spots_with_mates	avgLength	size_MB	AssemblyName	download_path	Experiment	LibraryName	LibraryStrategy	LibrarySelection	LibrarySource	LibraryLayout	InsertSize	InsertDev	Platform	Model	SRAStudy	BioProject	Study_Pubmed_id	ProjectID	Sample	BioSample	SampleType	TaxID	ScientificName	SampleName	g1k_pop_code	source	g1k_analysis_group	Subject_ID	Sex	Disease	Tumor	Affection_Status	Analyte_Type	Histological_Type	Body_Site	CenterName	Submission	dbgap_study_accession	Consent	RunHash	ReadHash	StudyTitle	SampleDescription
SRR789190	2013-08-28 11:08:11	2013-03-21 08:02:16	26891408	5432064416	26891408	202	3346		https://sra-downloadb.st-va.ncbi.nlm.nih.gov/sos2/sra-pub-run-4/SRR789190/SRR789190.1	SRX253181		RNA-Seq	cDNA	TRANSCRIPTOMIC	PAIRED	0	0	ILLUMINA	Illumina HiSeq 2000	SRP019916	PRJNA193596	2	193596	SRS403309	SAMN01985476	simple	10090	Mus musculus	GSM1103369							no					GEO	SRA070001		public	07AC889A29870EC20AA5A2C81899FAEB	489D5D0DCB4ADA341F044EBE57868746	RNA-Seq characterization of spinal cord injury transcriptome in acute/subacute phases: a resource for understanding the pathology at the systems level	CTR rep1
SRR789191	2013-08-28 11:08:11	2013-03-21 08:09:12	30808451	6223307102	30808451	202	3841		https://sra-downloadb.st-va.ncbi.nlm.nih.gov/sos2/sra-pub-run-4/SRR789191/SRR789191.1	SRX253182		RNA-Seq	cDNA	TRANSCRIPTOMIC	PAIRED	0	0	ILLUMINA	Illumina HiSeq 2000	SRP019916	PRJNA193596	2	193596	SRS403310	SAMN01985477	simple	10090	Mus musculus	GSM1103370							no					GEO	SRA070001		public	299E1F1DEA6ED54543B71767440F2CDF	B9BE03B2EA4AFA63900ED062FF3E7A30	RNA-Seq characterization of spinal cord injury transcriptome in acute/subacute phases: a resource for understanding the pathology at the systems level	CTR rep2
SRR789193	2013-08-28 11:08:11	2013-03-21 08:10:51	30180593	6096479786	30180593	202	3746		https://sra-downloadb.st-va.ncbi.nlm.nih.gov/sos2/sra-pub-run-4/SRR789193/SRR789193.1	SRX253184		RNA-Seq	cDNA	TRANSCRIPTOMIC	PAIRED	0	0	ILLUMINA	Illumina HiSeq 2000	SRP019916	PRJNA193596	2	193596	SRS403312	SAMN01985479	simple	10090	Mus musculus	GSM1103372							no					GEO	SRA070001		public	E34759900A38893D714386E584E40E4F	4B5C6CA36E8A4EB09F20582B758D1892	RNA-Seq characterization of spinal cord injury transcriptome in acute/subacute phases: a resource for understanding the pathology at the systems level	2D rep1
SRR789194	2013-08-28 11:08:11	2013-03-21 08:10:10	28271712	5710885824	28271712	202	3518		https://sra-downloadb.st-va.ncbi.nlm.nih.gov/sos2/sra-pub-run-4/SRR789194/SRR789194.1	SRX253185		RNA-Seq	cDNA	TRANSCRIPTOMIC	PAIRED	0	0	ILLUMINA	Illumina HiSeq 2000	SRP019916	PRJNA193596	2	193596	SRS403313	SAMN01985480	simple	10090	Mus musculus	GSM1103373							no					GEO	SRA070001		public	6A14F32F4F8AB49699FCC2B99D57388E	B73D31150A4D650302E86BD61B409081	RNA-Seq characterization of spinal cord injury transcriptome in acute/subacute phases: a resource for understanding the pathology at the systems level	2D rep2
SRR789195	2013-08-28 11:08:11	2013-03-21 08:10:41	29124642	5883177684	29124642	202	3657		https://sra-downloadb.st-va.ncbi.nlm.nih.gov/sos2/sra-pub-run-4/SRR789195/SRR789195.1	SRX253186		RNA-Seq	cDNA	TRANSCRIPTOMIC	PAIRED	0	0	ILLUMINA	Illumina HiSeq 2000	SRP019916	PRJNA193596	2	193596	SRS403314	SAMN01985481	simple	10090	Mus musculus	GSM1103374							no					GEO	SRA070001		public	CB4DCEF94CB39D7A70A9AA44FA9786DA	BB9FB71678C3B35A92E8714FC5A82F7B	RNA-Seq characterization of spinal cord injury transcriptome in acute/subacute phases: a resource for understanding the pathology at the systems level	2D rep3
SRR789196	2013-08-28 11:08:11	2013-03-21 08:12:28	32986781	6663329762	32986781	202	4112		https://sra-downloadb.st-va.ncbi.nlm.nih.gov/sos2/sra-pub-run-4/SRR789196/SRR789196.1	SRX253187		RNA-Seq	cDNA	TRANSCRIPTOMIC	PAIRED	0	0	ILLUMINA	Illumina HiSeq 2000	SRP019916	PRJNA193596	2	193596	SRS403315	SAMN01985482	simple	10090	Mus musculus	GSM1103375							no					GEO	SRA070001		public	960DEE4F51CE1032DB6C9C01306BF7C7	2A20088A17734D37014828874746DCFB	RNA-Seq characterization of spinal cord injury transcriptome in acute/subacute phases: a resource for understanding the pathology at the systems level	7D rep1
SRR789198	2013-08-28 11:08:11	2013-03-21 08:10:49	31297638	6259527600	31297638	200	3932		https://sra-downloadb.st-va.ncbi.nlm.nih.gov/sos2/sra-pub-run-4/SRR789198/SRR789198.1	SRX253189		RNA-Seq	cDNA	TRANSCRIPTOMIC	PAIRED	0	0	ILLUMINA	Illumina HiSeq 2000	SRP019916	PRJNA193596	2	193596	SRS403317	SAMN01985484	simple	10090	Mus musculus	GSM1103377							no					GEO	SRA070001		public	3D8C2E4C6E0E1D3340804D71FC9E7F73	473150ABEF5A8DCBD92C4CF245EFD4AB	RNA-Seq characterization of spinal cord injury transcriptome in acute/subacute phases: a resource for understanding the pathology at the systems level	7D rep3
SRR922121	2013-08-28 11:08:11	2013-06-27 15:24:21	41049629	8292025058	41049629	202	5486		https://sra-downloadb.st-va.ncbi.nlm.nih.gov/sos2/sra-pub-run-6/SRR922121/SRR922121.1	SRX315114		RNA-Seq	cDNA	TRANSCRIPTOMIC	PAIRED	0	0	ILLUMINA	Illumina HiSeq 2000	SRP019916	PRJNA193596	2	193596	SRS452566	SAMN02213723	simple	10090	Mus musculus	GSM1174307							no					GEO	SRA070001		public	03FB89EEBEADD5A4FFD195714CF62A54	29E6A8587E64919ECBAF885D21248EE3	RNA-Seq characterization of spinal cord injury transcriptome in acute/subacute phases: a resource for understanding the pathology at the systems level	7D rep2
SRR3945463	2017-01-30 10:24:06	2016-07-22 15:46:36	53513925	10595757150	53513925	198	6407		https://sra-downloadb.st-va.ncbi.nlm.nih.gov/sos2/sra-pub-run-3/SRR3945463/SRR3945463.1	SRX1971447		RNA-Seq	cDNA	TRANSCRIPTOMIC	PAIRED	0	0	ILLUMINA	Illumina HiSeq 2000	SRP079387	PRJNA330973	2	330973	SRS1580192	SAMN05432516	simple	10090	Mus musculus	GSM2249448							no					GEO	SRA443272		public	3F4DF0A49FD64AAE47265F1B0ED18889	8366C5B7914790FBE6B2138CAA2BF3DD	Macrophage transcriptional profile identifies lipid catabolic pathways that can be therapeutically targeted after spinal cord injury	3d.1
SRR3945464	2017-01-30 10:24:06	2016-07-22 15:30:40	49083298	9718493004	49083298	198	5954		https://sra-downloadb.st-va.ncbi.nlm.nih.gov/sos2/sra-pub-run-3/SRR3945464/SRR3945464.1	SRX1971448		RNA-Seq	cDNA	TRANSCRIPTOMIC	PAIRED	0	0	ILLUMINA	Illumina HiSeq 2000	SRP079387	PRJNA330973	2	330973	SRS1580193	SAMN05432515	simple	10090	Mus musculus	GSM2249449							no					GEO	SRA443272		public	651C2F2FE0B350C3151EEAD33934C986	F8CF51D75B85D047A9049B5071A403E1	Macrophage transcriptional profile identifies lipid catabolic pathways that can be therapeutically targeted after spinal cord injury	3d.2
SRR3945465	2017-01-30 10:24:06	2016-07-22 15:29:23	39395831	7800374538	39395831	198	4972		https://sra-downloadb.st-va.ncbi.nlm.nih.gov/sos2/sra-pub-run-3/SRR3945465/SRR3945465.1	SRX1971449		RNA-Seq	cDNA	TRANSCRIPTOMIC	PAIRED	0	0	ILLUMINA	Illumina HiSeq 2000	SRP079387	PRJNA330973	2	330973	SRS1580194	SAMN05432520	simple	10090	Mus musculus	GSM2249450							no					GEO	SRA443272		public	14D91673EAE31F5C1D2F89F42EE96E2A	80694C74B91BC3C2824009F6A860BB39	Macrophage transcriptional profile identifies lipid catabolic pathways that can be therapeutically targeted after spinal cord injury	3d.3
SRR3945466	2017-01-30 10:24:06	2016-07-22 15:26:45	42831430	8480623140	42831430	198	5423		https://sra-downloadb.st-va.ncbi.nlm.nih.gov/sos2/sra-pub-run-3/SRR3945466/SRR3945466.1	SRX1971450		RNA-Seq	cDNA	TRANSCRIPTOMIC	PAIRED	0	0	ILLUMINA	Illumina HiSeq 2000	SRP079387	PRJNA330973	2	330973	SRS1580195	SAMN05432519	simple	10090	Mus musculus	GSM2249451							no					GEO	SRA443272		public	BCF7B1B1FEA8A76B69A34A3D2EBEB6A2	331BC475C017B2EFDC4BD4546B134FE8	Macrophage transcriptional profile identifies lipid catabolic pathways that can be therapeutically targeted after spinal cord injury	7d.1
SRR3945467	2017-01-30 10:24:06	2016-07-22 15:29:45	42562659	8427406482	42562659	198	5386		https://sra-downloadb.st-va.ncbi.nlm.nih.gov/sos2/sra-pub-run-3/SRR3945467/SRR3945467.1	SRX1971451		RNA-Seq	cDNA	TRANSCRIPTOMIC	PAIRED	0	0	ILLUMINA	Illumina HiSeq 2000	SRP079387	PRJNA330973	2	330973	SRS1580196	SAMN05432518	simple	10090	Mus musculus	GSM2249452							no					GEO	SRA443272		public	70A08B4FB296155AA4A4284DCCC636B5	CFF2C089F6F101ADCE321987FD7C105B	Macrophage transcriptional profile identifies lipid catabolic pathways that can be therapeutically targeted after spinal cord injury	7d.2
SRR3945468	2017-01-30 10:24:06	2016-07-22 15:31:52	47260394	9357558012	47260394	198	5972		https://sra-downloadb.st-va.ncbi.nlm.nih.gov/sos2/sra-pub-run-3/SRR3945468/SRR3945468.1	SRX1971452		RNA-Seq	cDNA	TRANSCRIPTOMIC	PAIRED	0	0	ILLUMINA	Illumina HiSeq 2000	SRP079387	PRJNA330973	2	330973	SRS1580197	SAMN05432517	simple	10090	Mus musculus	GSM2249453							no					GEO	SRA443272		public	ABF3D0BCFC2F35FD350DC773C95B4CA6	CFB0C0980515C127632EC261DDB27BEC	Macrophage transcriptional profile identifies lipid catabolic pathways that can be therapeutically targeted after spinal cord injury	7d.3
SRR11095831	2020-03-02 17:27:05	2020-02-19 20:48:51	52494023	15045381763	52494023	286	2407	MM10	https://sra-downloadb.be-md.ncbi.nlm.nih.gov/sos3/sra-pub-run-20/SRR11095831/SRR11095831.1	SRX7734643		RNA-Seq	cDNA	TRANSCRIPTOMIC	PAIRED	0	0	ILLUMINA	Illumina HiSeq 4000	SRP249696	PRJNA607045	3	607045	SRS6154896	SAMN14120271	simple	10090	Mus musculus	GSM4317499							no					GEO	SRA1043400		public	A695636603D261EAB243CAEDD5268D79	676DF9412EAADC1689E85992B3059B75	Treml4 promotes inflammatory programs in human and murine macrophages and alters atherosclerosis lesion composition in the Apolipoprotein E deficient mouse	Apoe-/- macrophages untreated rep 1
SRR11095832	2020-03-02 17:27:05	2020-02-19 20:29:41	50482698	14637001869	50482698	289	2219	MM10	https://sra-downloadb.be-md.ncbi.nlm.nih.gov/sos3/sra-pub-run-19/SRR11095832/SRR11095832.1	SRX7734644		RNA-Seq	cDNA	TRANSCRIPTOMIC	PAIRED	0	0	ILLUMINA	Illumina HiSeq 4000	SRP249696	PRJNA607045	3	607045	SRS6154897	SAMN14120270	simple	10090	Mus musculus	GSM4317500							no					GEO	SRA1043400		public	17C8B38E453C69A2BC0298DF3FA12234	E0096216FFF3018A0F4BD59F77D493A0	Treml4 promotes inflammatory programs in human and murine macrophages and alters atherosclerosis lesion composition in the Apolipoprotein E deficient mouse	Apoe-/- macrophages untreated rep 2
SRR11095833	2020-03-02 17:27:05	2020-02-19 20:29:29	49907729	14447769473	49907729	289	2024	MM10	https://sra-downloadb.be-md.ncbi.nlm.nih.gov/sos3/sra-pub-run-20/SRR11095833/SRR11095833.1	SRX7734645		RNA-Seq	cDNA	TRANSCRIPTOMIC	PAIRED	0	0	ILLUMINA	Illumina HiSeq 4000	SRP249696	PRJNA607045	3	607045	SRS6154898	SAMN14120269	simple	10090	Mus musculus	GSM4317501							no					GEO	SRA1043400		public	23CF7E862F0EC075A8105D054C2EB37E	87F37D1B0693318EE5B79D254E604DCB	Treml4 promotes inflammatory programs in human and murine macrophages and alters atherosclerosis lesion composition in the Apolipoprotein E deficient mouse	Apoe-/- macrophages untreated rep 3
SRR11095837	2020-03-02 17:27:06	2020-02-19 20:28:06	50470391	14587182349	50470391	289	2135	MM10	https://sra-downloadb.be-md.ncbi.nlm.nih.gov/sos3/sra-pub-run-20/SRR11095837/SRR11095837.1	SRX7734649		RNA-Seq	cDNA	TRANSCRIPTOMIC	PAIRED	0	0	ILLUMINA	Illumina HiSeq 4000	SRP249696	PRJNA607045	3	607045	SRS6154902	SAMN14120267	simple	10090	Mus musculus	GSM4317505							no					GEO	SRA1043400		public	6F4B7A0FA6720A4A74CFC1E4871FE15E	726BB1754B1D2F002CA384BD9F572940	Treml4 promotes inflammatory programs in human and murine macrophages and alters atherosclerosis lesion composition in the Apolipoprotein E deficient mouse	Apoe-/- macrophages oxLDL treated 10ug rep 1
SRR11095838	2020-03-02 17:27:06	2020-02-19 20:46:22	48974181	13991327715	48974181	285	2029	MM10	https://sra-downloadb.be-md.ncbi.nlm.nih.gov/sos3/sra-pub-run-20/SRR11095838/SRR11095838.1	SRX7734650		RNA-Seq	cDNA	TRANSCRIPTOMIC	PAIRED	0	0	ILLUMINA	Illumina HiSeq 4000	SRP249696	PRJNA607045	3	607045	SRS6154903	SAMN14120266	simple	10090	Mus musculus	GSM4317506							no					GEO	SRA1043400		public	970A44346DFE2FE422D897DCA9CC0EEB	860B7AF7895615A21EC4C159649948B4	Treml4 promotes inflammatory programs in human and murine macrophages and alters atherosclerosis lesion composition in the Apolipoprotein E deficient mouse	Apoe-/- macrophages oxLDL treated 10ug rep 2
SRR11095839	2020-03-02 17:27:06	2020-02-19 20:32:43	49687293	14417453748	49687293	290	2191	MM10	https://sra-downloadb.be-md.ncbi.nlm.nih.gov/sos3/sra-pub-run-21/SRR11095839/SRR11095839.1	SRX7734651		RNA-Seq	cDNA	TRANSCRIPTOMIC	PAIRED	0	0	ILLUMINA	Illumina HiSeq 4000	SRP249696	PRJNA607045	3	607045	SRS6154904	SAMN14120265	simple	10090	Mus musculus	GSM4317507							no					GEO	SRA1043400		public	8897C4337590553E85C865ED3F5F1D55	32D34E64CD53159E7AA48ABE747AC4DC	Treml4 promotes inflammatory programs in human and murine macrophages and alters atherosclerosis lesion composition in the Apolipoprotein E deficient mouse	Apoe-/- macrophages oxLDL treated 10ug rep 3
SRR11095843	2020-03-02 17:27:06	2020-02-19 20:57:01	59008612	17176614621	59008612	291	2359	MM10	https://sra-downloadb.be-md.ncbi.nlm.nih.gov/sos3/sra-pub-run-21/SRR11095843/SRR11095843.1	SRX7734655		RNA-Seq	cDNA	TRANSCRIPTOMIC	PAIRED	0	0	ILLUMINA	Illumina HiSeq 4000	SRP249696	PRJNA607045	3	607045	SRS6154908	SAMN14120261	simple	10090	Mus musculus	GSM4317511							no					GEO	SRA1043400		public	A27462D97CB173C18C00913AF7F49757	64470AF3E1AE203BF863E074A7CA182D	Treml4 promotes inflammatory programs in human and murine macrophages and alters atherosclerosis lesion composition in the Apolipoprotein E deficient mouse	Apoe-/- macrophages oxLDL treated 60ug rep 1
SRR11095844	2020-03-02 17:27:06	2020-02-19 20:26:17	49508175	14479100575	49508175	292	1976	MM10	https://sra-downloadb.be-md.ncbi.nlm.nih.gov/sos3/sra-pub-run-20/SRR11095844/SRR11095844.1	SRX7734656		RNA-Seq	cDNA	TRANSCRIPTOMIC	PAIRED	0	0	ILLUMINA	Illumina HiSeq 4000	SRP249696	PRJNA607045	3	607045	SRS6154909	SAMN14120260	simple	10090	Mus musculus	GSM4317512							no					GEO	SRA1043400		public	BB63270548C8F47AFEFB909422AF41B9	33C01E38F3CDAFCC4ABA027CAA522AAE	Treml4 promotes inflammatory programs in human and murine macrophages and alters atherosclerosis lesion composition in the Apolipoprotein E deficient mouse	Apoe-/- macrophages oxLDL treated 60ug rep 2
SRR11095845	2020-03-02 17:27:06	2020-02-19 20:20:39	48548078	14092288247	48548078	290	2034	MM10	https://sra-downloadb.be-md.ncbi.nlm.nih.gov/sos3/sra-pub-run-19/SRR11095845/SRR11095845.1	SRX7734657		RNA-Seq	cDNA	TRANSCRIPTOMIC	PAIRED	0	0	ILLUMINA	Illumina HiSeq 4000	SRP249696	PRJNA607045	3	607045	SRS6154910	SAMN14120259	simple	10090	Mus musculus	GSM4317513							no					GEO	SRA1043400		public	3BF7F31F5E3BA91D639E6C573FEE6317	4E093814A4247E235F97C9580052663E	Treml4 promotes inflammatory programs in human and murine macrophages and alters atherosclerosis lesion composition in the Apolipoprotein E deficient mouse	Apoe-/- macrophages oxLDL treated 60ug rep 3
SRR11095849	2020-03-02 17:27:09	2020-02-17 10:51:22	62382291	15720337332	62382291	252	3855	MM10	https://sra-downloadb.be-md.ncbi.nlm.nih.gov/sos3/sra-pub-run-21/SRR11095849/SRR11095849.1	SRX7734661		RNA-Seq	cDNA	TRANSCRIPTOMIC	PAIRED	0	0	ILLUMINA	Illumina HiSeq 2500	SRP249697	PRJNA607044	3	607044	SRS6154914	SAMN14120255	simple	10090	Mus musculus	GSM4317517							no					GEO	SRA1043401		public	5DF08102657ED3B5F25BC74C63124330	02304139293097F928897A1D235991CB	Treml4 promotes inflammatory programs in human and murine macrophages and alters atherosclerosis lesion composition in the Apolipoprotein E deficient mouse	wt biological rep 1 control
SRR11095851	2020-03-02 17:27:09	2020-02-17 10:39:16	62702116	15800933232	62702116	252	4131	MM10	https://sra-downloadb.be-md.ncbi.nlm.nih.gov/sos3/sra-pub-run-21/SRR11095851/SRR11095851.1	SRX7734663		RNA-Seq	cDNA	TRANSCRIPTOMIC	PAIRED	0	0	ILLUMINA	Illumina HiSeq 2500	SRP249697	PRJNA607044	3	607044	SRS6154916	SAMN14120283	simple	10090	Mus musculus	GSM4317519							no					GEO	SRA1043401		public	59C30DB71118AF30BF5BB40186F42A31	209C95FC3CC04ECD53A9E7311DC4834E	Treml4 promotes inflammatory programs in human and murine macrophages and alters atherosclerosis lesion composition in the Apolipoprotein E deficient mouse	wt biological rep 1 LPS 12 hr
SRR11095852	2020-03-02 17:27:09	2020-02-17 10:44:49	61150290	15409873080	61150290	252	3865	MM10	https://sra-downloadb.be-md.ncbi.nlm.nih.gov/sos3/sra-pub-run-20/SRR11095852/SRR11095852.1	SRX7734664		RNA-Seq	cDNA	TRANSCRIPTOMIC	PAIRED	0	0	ILLUMINA	Illumina HiSeq 2500	SRP249697	PRJNA607044	3	607044	SRS6154917	SAMN14120282	simple	10090	Mus musculus	GSM4317520							no					GEO	SRA1043401		public	8E0485B3E87C0D596DC66E5102C12587	267E0576E59C36BD31AB500B8E751D83	Treml4 promotes inflammatory programs in human and murine macrophages and alters atherosclerosis lesion composition in the Apolipoprotein E deficient mouse	wt biological rep 2 control
SRR11095854	2020-03-02 17:27:09	2020-02-17 10:45:20	60412932	15224058864	60412932	252	3712	MM10	https://sra-downloadb.be-md.ncbi.nlm.nih.gov/sos3/sra-pub-run-20/SRR11095854/SRR11095854.1	SRX7734666		RNA-Seq	cDNA	TRANSCRIPTOMIC	PAIRED	0	0	ILLUMINA	Illumina HiSeq 2500	SRP249697	PRJNA607044	3	607044	SRS6154919	SAMN14120280	simple	10090	Mus musculus	GSM4317522							no					GEO	SRA1043401		public	91F9AAC9FB47BB695976A9EB6BFFAC88	7B82A78B8A5501C36A45F739CE1BB3F4	Treml4 promotes inflammatory programs in human and murine macrophages and alters atherosclerosis lesion composition in the Apolipoprotein E deficient mouse	wt biological rep 2 LPS 12hr
SRR11111648	2020-07-06 09:17:26	2020-02-19 13:29:11	9541651	1431247650	9541651	150	505		https://sra-downloadb.be-md.ncbi.nlm.nih.gov/sos3/sra-pub-run-20/SRR11111648/SRR11111648.1	SRX7748668		RNA-Seq	cDNA	TRANSCRIPTOMIC	PAIRED	0	0	ILLUMINA	Illumina HiSeq 3000	SRP249995	PRJNA607504	3	607504	SRS6167970	SAMN14134895	simple	10090	Mus musculus	GSM4320173							no					GEO	SRA1044570		public	2B4728C42C046AEF5DCE7473BEDD974D	10A760999B6E285AF33B034879330343	Triacylglycerol synthesis enhances macrophage inflammatory function	Resting_M0_1
SRR11111649	2020-07-06 09:17:26	2020-02-19 13:32:35	10494788	1574218200	10494788	150	545		https://sra-downloadb.be-md.ncbi.nlm.nih.gov/sos3/sra-pub-run-21/SRR11111649/SRR11111649.1	SRX7748669		RNA-Seq	cDNA	TRANSCRIPTOMIC	PAIRED	0	0	ILLUMINA	Illumina HiSeq 3000	SRP249995	PRJNA607504	3	607504	SRS6167971	SAMN14134894	simple	10090	Mus musculus	GSM4320174							no					GEO	SRA1044570		public	EE664F8F8A5C7B62744F107E661D4833	E731F70B152BFD4077982DF4EC3760B8	Triacylglycerol synthesis enhances macrophage inflammatory function	Resting_M0_2
SRR11111650	2020-07-06 09:17:26	2020-02-19 13:30:24	9395321	1409298150	9395321	150	499		https://sra-downloadb.be-md.ncbi.nlm.nih.gov/sos3/sra-pub-run-21/SRR11111650/SRR11111650.1	SRX7748670		RNA-Seq	cDNA	TRANSCRIPTOMIC	PAIRED	0	0	ILLUMINA	Illumina HiSeq 3000	SRP249995	PRJNA607504	3	607504	SRS6167972	SAMN14134893	simple	10090	Mus musculus	GSM4320175							no					GEO	SRA1044570		public	48FCAAD2C8A5056BB9B0B9FA802ABCB2	88A27BF9ED8AD534EC4FE7BFB985AD2E	Triacylglycerol synthesis enhances macrophage inflammatory function	Resting_M0_3
SRR11111651	2020-07-06 09:17:26	2020-02-19 13:27:55	8494325	1274148750	8494325	150	456		https://sra-downloadb.st-va.ncbi.nlm.nih.gov/sos1/sra-pub-run-14/SRR11111651/SRR11111651.1	SRX7748671		RNA-Seq	cDNA	TRANSCRIPTOMIC	PAIRED	0	0	ILLUMINA	Illumina HiSeq 3000	SRP249995	PRJNA607504	3	607504	SRS6167974	SAMN14134892	simple	10090	Mus musculus	GSM4320176							no					GEO	SRA1044570		public	13FA61749EFE340AE331230EC63E2C26	18720158F8F952C51DD15C9422E045C5	Triacylglycerol synthesis enhances macrophage inflammatory function	Stimulated_M1_18h_1
SRR11111652	2020-07-06 09:17:26	2020-02-19 13:30:49	10168692	1525303800	10168692	150	532		https://sra-downloadb.be-md.ncbi.nlm.nih.gov/sos3/sra-pub-run-20/SRR11111652/SRR11111652.1	SRX7748672		RNA-Seq	cDNA	TRANSCRIPTOMIC	PAIRED	0	0	ILLUMINA	Illumina HiSeq 3000	SRP249995	PRJNA607504	3	607504	SRS6167973	SAMN14134891	simple	10090	Mus musculus	GSM4320177							no					GEO	SRA1044570		public	3DB9BF3BFE0B2838D2C486ECE3BA72CE	1C70A1A794888494A68CA5A496810ADD	Triacylglycerol synthesis enhances macrophage inflammatory function	Stimulated_M1_18h_2
SRR11111653	2020-07-06 09:17:26	2020-02-19 13:27:16	9003068	1350460200	9003068	150	472		https://sra-downloadb.be-md.ncbi.nlm.nih.gov/sos3/sra-pub-run-21/SRR11111653/SRR11111653.1	SRX7748673		RNA-Seq	cDNA	TRANSCRIPTOMIC	PAIRED	0	0	ILLUMINA	Illumina HiSeq 3000	SRP249995	PRJNA607504	3	607504	SRS6167975	SAMN14134890	simple	10090	Mus musculus	GSM4320178							no					GEO	SRA1044570		public	75B6281B00B6D323CCA4C06AAC7B51C6	43F1949D10841A44142EE7955E6EFFBC	Triacylglycerol synthesis enhances macrophage inflammatory function	Stimulated_M1_18h_3
